Krylov Iters,Construction Time (s),Solve Time (s),Total Time (s),Tic Toc Time (s)
67,0.10143423080444336,0.38731956481933594,0.4887537956237793,3.859936237335205
67,0.11558651924133301,0.44803309440612793,0.5636196136474609,4.004017353057861
67,0.10706782341003418,0.4152641296386719,0.522331953048706,3.8720149993896484
67,0.15009760856628418,0.4088783264160156,0.5589759349822998,3.8941142559051514
67,0.09984731674194336,0.3918647766113281,0.4917120933532715,3.8151071071624756
67,0.11497807502746582,0.39508581161499023,0.510063886642456,3.7346084117889404
67,0.10284090042114258,0.3958752155303955,0.4987161159515381,3.904428720474243
67,0.10208249092102051,0.4418315887451172,0.5439140796661377,3.8832435607910156
67,0.10306668281555176,0.3860459327697754,0.48911261558532715,3.8877241611480713
67,0.11689639091491699,0.4335944652557373,0.5504908561706543,4.164664268493652
67,0.13661575317382812,0.3717823028564453,0.5083980560302734,3.918745517730713
67,0.12463831901550293,0.45697832107543945,0.5816166400909424,4.111117124557495
67,0.10807919502258301,0.43608689308166504,0.544166088104248,4.24387001991272
67,0.10889101028442383,0.4331629276275635,0.5420539379119873,4.563995599746704
67,0.14980030059814453,0.5707910060882568,0.7205913066864014,4.647273302078247
67,0.10514140129089355,0.3990178108215332,0.5041592121124268,3.8909687995910645
67,0.1237490177154541,0.4603257179260254,0.5840747356414795,4.2122673988342285
67,0.12244153022766113,0.42320895195007324,0.5456504821777344,4.064818382263184
67,0.1306476593017578,0.4364125728607178,0.5670602321624756,4.190388917922974
67,0.10036468505859375,0.4176661968231201,0.5180308818817139,4.271286487579346
67,0.11848664283752441,0.40617918968200684,0.5246658325195312,4.016280889511108
67,0.10943841934204102,0.40573573112487793,0.515174150466919,4.06414270401001
67,0.11191797256469727,0.41684770584106445,0.5287656784057617,3.9914112091064453
67,0.12880516052246094,0.39798426628112793,0.5267894268035889,3.999213218688965
67,0.10892868041992188,0.4411659240722656,0.5500946044921875,4.045391321182251
67,0.1226344108581543,0.44176650047302246,0.5644009113311768,4.007162094116211
67,0.10678386688232422,0.41217637062072754,0.5189602375030518,3.9224421977996826
67,0.1536409854888916,0.42392706871032715,0.5775680541992188,4.100249767303467
67,0.13962602615356445,0.41521120071411133,0.5548372268676758,4.102260112762451
67,0.11253094673156738,0.4288642406463623,0.5413951873779297,3.9345555305480957
67,0.13548040390014648,0.42315101623535156,0.558631420135498,4.0941972732543945
67,0.11981320381164551,0.45867228507995605,0.5784854888916016,4.005638360977173
67,0.14038586616516113,0.40659332275390625,0.5469791889190674,4.1868813037872314
67,0.11854815483093262,0.41433000564575195,0.5328781604766846,3.971282482147217
67,0.12171292304992676,0.4028501510620117,0.5245630741119385,4.12328028678894
67,0.14469552040100098,0.40437817573547363,0.5490736961364746,3.9880754947662354
67,0.13079118728637695,0.4105546474456787,0.5413458347320557,4.065346717834473
67,0.10781407356262207,0.38039636611938477,0.48821043968200684,3.811253309249878
67,0.11858201026916504,0.4046320915222168,0.5232141017913818,4.036508083343506
67,0.10904550552368164,0.3893115520477295,0.49835705757141113,4.119909286499023
67,0.10093808174133301,0.40467047691345215,0.5056085586547852,3.968888759613037
67,0.11426997184753418,0.4407627582550049,0.5550327301025391,4.036399602890015
67,0.12025022506713867,0.4071800708770752,0.5274302959442139,4.056760549545288
67,0.10854578018188477,0.47927260398864746,0.5878183841705322,3.9620556831359863
67,0.11873555183410645,0.4414489269256592,0.5601844787597656,3.9920098781585693
67,0.10166740417480469,0.45807766914367676,0.5597450733184814,3.9350147247314453
67,0.11411762237548828,0.44478416442871094,0.5589017868041992,4.007449388504028
67,0.10463953018188477,0.42710041999816895,0.5317399501800537,4.0058228969573975
67,0.10229849815368652,0.4073197841644287,0.5096182823181152,4.0914270877838135
67,0.10104727745056152,0.4327106475830078,0.5337579250335693,4.007709741592407
67,0.1038975715637207,0.41452455520629883,0.5184221267700195,3.865993022918701
67,0.10072755813598633,0.38629865646362305,0.4870262145996094,6.036268472671509
67,0.1055912971496582,0.40173768997192383,0.507328987121582,3.975393295288086
67,0.09945535659790039,0.4555697441101074,0.5550251007080078,3.9598820209503174
67,0.1255016326904297,0.4296109676361084,0.5551126003265381,3.9994308948516846
67,0.1109166145324707,0.3771517276763916,0.4880683422088623,3.8083584308624268
67,0.12213778495788574,0.46291399002075195,0.5850517749786377,4.189395427703857
67,0.10083866119384766,0.47638893127441406,0.5772275924682617,4.119635343551636
67,0.12784481048583984,0.3922274112701416,0.5200722217559814,4.024555683135986
67,0.11092782020568848,0.3824741840362549,0.49340200424194336,4.0172741413116455
67,0.10006308555603027,0.5066964626312256,0.6067595481872559,4.0902392864227295
67,0.10159826278686523,0.4449734687805176,0.5465717315673828,3.9453694820404053
67,0.10890793800354004,0.44963860511779785,0.5585465431213379,3.963982582092285
67,0.10592818260192871,0.45299553871154785,0.5589237213134766,4.035139083862305
67,0.13203692436218262,0.43666887283325195,0.5687057971954346,4.099762439727783
67,0.11065030097961426,0.4351484775543213,0.5457987785339355,4.080341339111328
67,0.13822436332702637,0.4115622043609619,0.5497865676879883,3.934884786605835
67,0.1040797233581543,0.4472019672393799,0.5512816905975342,3.977309465408325
67,0.10667610168457031,0.4280812740325928,0.5347573757171631,3.851466655731201
67,0.10363459587097168,0.46105337142944336,0.564687967300415,4.092741012573242
67,0.1136324405670166,0.4275233745574951,0.5411558151245117,3.975576877593994
67,0.10622310638427734,0.41867756843566895,0.5249006748199463,4.01455283164978
67,0.10774588584899902,0.4141683578491211,0.5219142436981201,3.829176187515259
67,0.11443185806274414,0.4327430725097656,0.5471749305725098,4.002963542938232
67,0.10964679718017578,0.40360355377197266,0.5132503509521484,4.087834119796753
67,0.11238312721252441,0.4323141574859619,0.5446972846984863,3.960228443145752
67,0.10382795333862305,0.4286782741546631,0.5325062274932861,3.930058240890503
67,0.11648392677307129,0.4068570137023926,0.5233409404754639,3.9369585514068604
67,0.1204681396484375,0.4176967144012451,0.5381648540496826,4.17169976234436
67,0.1440577507019043,0.3973660469055176,0.5414237976074219,4.05924654006958
67,0.1009831428527832,0.4191293716430664,0.5201125144958496,4.010967254638672
67,0.10274219512939453,0.4619748592376709,0.5647170543670654,4.047878742218018
67,0.1097569465637207,0.44981932640075684,0.5595762729644775,3.96231746673584
67,0.09934091567993164,0.40634727478027344,0.5056881904602051,3.960320472717285
67,0.10253310203552246,0.4173252582550049,0.5198583602905273,3.9621100425720215
67,0.10830974578857422,0.40238142013549805,0.5106911659240723,4.113814353942871
67,0.10049629211425781,0.429945707321167,0.5304419994354248,4.063943386077881
67,0.1072227954864502,0.4158897399902344,0.5231125354766846,4.097504138946533
67,0.10677027702331543,0.44397568702697754,0.550745964050293,4.011964559555054
67,0.12182283401489258,0.42209672927856445,0.543919563293457,3.9132537841796875
67,0.125535249710083,0.42980241775512695,0.55533766746521,3.9627647399902344
67,0.12993574142456055,0.474531888961792,0.6044676303863525,3.922853946685791
67,0.0988764762878418,0.4175710678100586,0.5164475440979004,3.994872570037842
67,0.16030144691467285,0.4583446979522705,0.6186461448669434,4.1280975341796875
67,0.12224459648132324,0.3837108612060547,0.5059554576873779,3.993197202682495
67,0.1038205623626709,0.4586031436920166,0.5624237060546875,3.9089465141296387
67,0.10355901718139648,0.4170799255371094,0.5206389427185059,3.978977918624878
67,0.1310739517211914,0.4394688606262207,0.5705428123474121,4.186467409133911
67,0.1282203197479248,0.40156054496765137,0.5297808647155762,4.062904596328735
67,0.10410594940185547,0.4188356399536133,0.5229415893554688,3.9304285049438477
67,0.11164569854736328,0.44248008728027344,0.5541257858276367,4.0175135135650635
67,0.10403037071228027,0.4123525619506836,0.5163829326629639,3.9340498447418213
67,0.10304474830627441,0.40337157249450684,0.5064163208007812,3.823077917098999
67,0.1387178897857666,0.4505577087402344,0.589275598526001,3.960035800933838
67,0.13838791847229004,0.43594789505004883,0.5743358135223389,4.033392667770386
67,0.10855674743652344,0.4218778610229492,0.5304346084594727,3.8689541816711426
67,0.10124063491821289,0.43373823165893555,0.5349788665771484,4.037550449371338
67,0.10115766525268555,0.4482686519622803,0.5494263172149658,4.081248044967651
67,0.10370731353759766,0.41989850997924805,0.5236058235168457,3.975627899169922
67,0.10993576049804688,0.39516377449035645,0.5050995349884033,3.8463175296783447
67,0.10389924049377441,0.4590892791748047,0.5629885196685791,4.092901229858398
67,0.10632991790771484,0.44691014289855957,0.5532400608062744,3.944683790206909
67,0.11547160148620605,0.4128999710083008,0.5283715724945068,3.7889068126678467
67,0.10578608512878418,0.43970394134521484,0.545490026473999,3.8329215049743652
67,0.10363435745239258,0.42712998390197754,0.5307643413543701,3.9773223400115967
67,0.10451722145080566,0.4401383399963379,0.5446555614471436,4.085600852966309
67,0.1095132827758789,0.4157557487487793,0.5252690315246582,3.862881660461426
67,0.10580682754516602,0.4043283462524414,0.5101351737976074,3.970197916030884
67,0.1105341911315918,0.43902015686035156,0.5495543479919434,4.164136648178101
67,0.12468361854553223,0.4062533378601074,0.5309369564056396,4.039092779159546
67,0.102752685546875,0.4070262908935547,0.5097789764404297,3.983566999435425
67,0.12274408340454102,0.4676971435546875,0.5904412269592285,4.032451391220093
67,0.12912464141845703,0.4073362350463867,0.5364608764648438,4.045259475708008
67,0.11357903480529785,0.4155609607696533,0.5291399955749512,3.978503465652466
67,0.10570144653320312,0.40154433250427246,0.5072457790374756,3.9260833263397217
67,0.12717652320861816,0.37918639183044434,0.5063629150390625,4.036753177642822
67,0.12627553939819336,0.46210789680480957,0.5883834362030029,4.016180992126465
67,0.1340041160583496,0.45794177055358887,0.5919458866119385,4.040524244308472
67,0.10901021957397461,0.381284236907959,0.4902944564819336,3.847407579421997
67,0.10901784896850586,0.44633984565734863,0.5553576946258545,4.083963871002197
67,0.1239621639251709,0.4555675983428955,0.5795297622680664,4.133044242858887
67,0.10651540756225586,0.4053933620452881,0.511908769607544,3.957489013671875
67,0.09981012344360352,0.4522883892059326,0.5520985126495361,4.048441648483276
67,0.11783313751220703,0.39591526985168457,0.5137484073638916,4.1058385372161865
67,0.09900736808776855,0.4474673271179199,0.5464746952056885,4.081163644790649
67,0.1040945053100586,0.42449045181274414,0.5285849571228027,4.0130980014801025
67,0.12758874893188477,0.4026370048522949,0.5302257537841797,4.105001926422119
67,0.11772346496582031,0.4227607250213623,0.5404841899871826,4.088389158248901
67,0.12749600410461426,0.4224085807800293,0.5499045848846436,4.123119115829468
67,0.10236263275146484,0.4613208770751953,0.5636835098266602,4.049222707748413
67,0.12521791458129883,0.3757052421569824,0.5009231567382812,3.9451656341552734
67,0.10165596008300781,0.4433863162994385,0.5450422763824463,4.0274505615234375
67,0.11117005348205566,0.4513225555419922,0.5624926090240479,3.8835082054138184
67,0.11335587501525879,0.45064687728881836,0.5640027523040771,4.090114116668701
67,0.1203775405883789,0.4214484691619873,0.5418260097503662,4.0819008350372314
67,0.10042548179626465,0.4152402877807617,0.5156657695770264,4.085920810699463
67,0.1148519515991211,0.4479985237121582,0.5628504753112793,4.155890941619873
67,0.1033322811126709,0.38324880599975586,0.48658108711242676,3.842742919921875
67,0.10624980926513672,0.5022153854370117,0.6084651947021484,4.007753372192383
67,0.10258150100708008,0.40904951095581055,0.5116310119628906,3.881648302078247
67,0.0989840030670166,0.41045570373535156,0.5094397068023682,4.069631576538086
67,0.11316370964050293,0.4666256904602051,0.579789400100708,4.064918279647827
67,0.13572287559509277,0.42327141761779785,0.5589942932128906,3.9910733699798584
67,0.10123729705810547,0.4543740749359131,0.5556113719940186,4.067704439163208
67,0.10116696357727051,0.4299476146697998,0.5311145782470703,4.055536508560181
67,0.10329985618591309,0.4113466739654541,0.5146465301513672,3.8891758918762207
67,0.12151956558227539,0.3754708766937256,0.496990442276001,4.044959306716919
67,0.1042630672454834,0.41763782501220703,0.5219008922576904,4.043993711471558
67,0.14636778831481934,0.43805789947509766,0.584425687789917,4.021602392196655
67,0.10215997695922852,0.41986823081970215,0.5220282077789307,3.799058198928833
67,0.10240507125854492,0.37114906311035156,0.4735541343688965,3.8618221282958984
67,0.09922218322753906,0.4259357452392578,0.5251579284667969,4.139585494995117
67,0.10796904563903809,0.46651649475097656,0.5744855403900146,4.127515077590942
67,0.12362527847290039,0.44983434677124023,0.5734596252441406,4.063308477401733
67,0.10575175285339355,0.4004650115966797,0.5062167644500732,3.9037017822265625
67,0.11791419982910156,0.40630269050598145,0.524216890335083,4.012531995773315
67,0.10256814956665039,0.3978312015533447,0.5003993511199951,3.9192147254943848
67,0.10129523277282715,0.4485156536102295,0.5498108863830566,3.99281644821167
67,0.10453629493713379,0.40760254859924316,0.512138843536377,3.9607694149017334
67,0.1300215721130371,0.3906517028808594,0.5206732749938965,3.9140074253082275
67,0.11866927146911621,0.4196474552154541,0.5383167266845703,3.9237711429595947
67,0.10736322402954102,0.4160933494567871,0.5234565734863281,3.8969690799713135
67,0.10066604614257812,0.4034135341644287,0.5040795803070068,3.957984447479248
67,0.11450386047363281,0.42780089378356934,0.5423047542572021,4.090320825576782
67,0.15733957290649414,0.45777416229248047,0.6151137351989746,4.064031362533569
67,0.14182186126708984,0.4108457565307617,0.5526676177978516,4.040719747543335
67,0.10123085975646973,0.4171602725982666,0.5183911323547363,3.9786579608917236
67,0.13816165924072266,0.5084140300750732,0.6465756893157959,4.18220591545105
67,0.1094672679901123,0.425551176071167,0.5350184440612793,4.135939359664917
67,0.10081744194030762,0.3946850299835205,0.4955024719238281,3.9720869064331055
67,0.10056781768798828,0.4501166343688965,0.5506844520568848,4.021629810333252
67,0.11395549774169922,0.39656496047973633,0.5105204582214355,4.012139797210693
67,0.10274696350097656,0.4163379669189453,0.5190849304199219,3.8996376991271973
67,0.12215828895568848,0.42530322074890137,0.5474615097045898,4.033232927322388
67,0.10199260711669922,0.3935251235961914,0.4955177307128906,4.048647165298462
67,0.12260699272155762,0.4110407829284668,0.5336477756500244,4.047956466674805
67,0.11180305480957031,0.39584922790527344,0.5076522827148438,3.978121280670166
67,0.10299015045166016,0.40859436988830566,0.5115845203399658,4.0139148235321045
67,0.12400078773498535,0.4423551559448242,0.5663559436798096,4.1507697105407715
67,0.09979486465454102,0.39385390281677246,0.4936487674713135,4.079784870147705
67,0.10366988182067871,0.4245154857635498,0.5281853675842285,4.030835151672363
67,0.14780759811401367,0.42075252532958984,0.5685601234436035,4.041485548019409
67,0.11688804626464844,0.45787930488586426,0.5747673511505127,4.084933042526245
67,0.09910869598388672,0.4693915843963623,0.568500280380249,4.0916101932525635
67,0.15009379386901855,0.45574235916137695,0.6058361530303955,4.26784348487854
67,0.11713290214538574,0.39951109886169434,0.5166440010070801,4.068772554397583
67,0.09880399703979492,0.4952263832092285,0.5940303802490234,4.274768114089966
67,0.14625787734985352,0.42609524726867676,0.5723531246185303,4.0924012660980225
67,0.10972332954406738,0.38637518882751465,0.49609851837158203,3.9860453605651855
67,0.10057973861694336,0.49721503257751465,0.597794771194458,3.9853904247283936
67,0.09917187690734863,0.4498753547668457,0.5490472316741943,3.830469846725464
67,0.1404411792755127,0.390838623046875,0.5312798023223877,3.9598772525787354
67,0.1310722827911377,0.48157215118408203,0.6126444339752197,3.917283535003662
67,0.12627911567687988,0.44170665740966797,0.5679857730865479,4.247267961502075
67,0.14664554595947266,0.4058218002319336,0.5524673461914062,4.254273414611816
67,0.1027677059173584,0.39593935012817383,0.4987070560455322,4.052488088607788
67,0.12666749954223633,0.4552195072174072,0.5818870067596436,4.182320833206177
67,0.1474452018737793,0.4569084644317627,0.604353666305542,4.035501718521118
67,0.12395668029785156,0.4349021911621094,0.5588588714599609,3.942272186279297
67,0.11037302017211914,0.4895896911621094,0.5999627113342285,4.163410186767578
67,0.09974002838134766,0.42609214782714844,0.5258321762084961,4.1257243156433105
67,0.10215973854064941,0.43096184730529785,0.5331215858459473,4.1958911418914795
67,0.09952950477600098,0.45281529426574707,0.552344799041748,3.9894962310791016
67,0.10022854804992676,0.43416619300842285,0.5343947410583496,4.090337753295898
67,0.1297464370727539,0.3968617916107178,0.5266082286834717,4.057922124862671
67,0.11172795295715332,0.457688570022583,0.5694165229797363,3.9861233234405518
67,0.10020112991333008,0.42732906341552734,0.5275301933288574,4.063631772994995
67,0.1007544994354248,0.4585843086242676,0.5593388080596924,4.154707431793213
67,0.13565850257873535,0.42249464988708496,0.5581531524658203,4.197547912597656
67,0.1584005355834961,0.44412994384765625,0.6025304794311523,4.4356982707977295
67,0.14366722106933594,0.47170424461364746,0.6153714656829834,4.137281656265259
67,0.09993267059326172,0.46457600593566895,0.5645086765289307,4.179436683654785
67,0.1021261215209961,0.4559805393218994,0.5581066608428955,4.11676025390625
67,0.10066556930541992,0.4094734191894531,0.510138988494873,4.008300065994263
67,0.13093090057373047,0.4518258571624756,0.582756757736206,3.947587013244629
67,0.12646889686584473,0.4693949222564697,0.5958638191223145,4.027372360229492
67,0.1345977783203125,0.48615503311157227,0.6207528114318848,4.188830137252808
67,0.13019371032714844,0.3873865604400635,0.5175802707672119,4.049277305603027
67,0.10078930854797363,0.4334290027618408,0.5342183113098145,4.170558452606201
67,0.10391783714294434,0.43766188621520996,0.5415797233581543,3.919027328491211
67,0.09973573684692383,0.4457712173461914,0.5455069541931152,4.048841714859009
67,0.1260051727294922,0.417935848236084,0.5439410209655762,4.0303637981414795
67,0.09992408752441406,0.3748435974121094,0.47476768493652344,3.9905099868774414
67,0.16805648803710938,0.3747868537902832,0.5428433418273926,3.9761910438537598
67,0.11236310005187988,0.4264717102050781,0.538834810256958,4.153394937515259
67,0.12473773956298828,0.4486961364746094,0.5734338760375977,4.1461403369903564
67,0.1263580322265625,0.43317341804504395,0.5595314502716064,4.130744457244873
67,0.09770798683166504,0.3921163082122803,0.4898242950439453,3.806403875350952
67,0.10972213745117188,0.3940558433532715,0.5037779808044434,4.020829677581787
67,0.11231875419616699,0.49436259269714355,0.6066813468933105,4.031419515609741
67,0.12640166282653809,0.5049769878387451,0.6313786506652832,4.181354522705078
67,0.1225283145904541,0.41212034225463867,0.5346486568450928,4.131175518035889
67,0.11093735694885254,0.4103555679321289,0.5212929248809814,3.9435102939605713
67,0.12814855575561523,0.4458191394805908,0.573967695236206,4.0303075313568115
67,0.10145187377929688,0.4335188865661621,0.534970760345459,4.283172369003296
67,0.10145306587219238,0.42410826683044434,0.5255613327026367,4.04407525062561
67,0.10108351707458496,0.4624154567718506,0.5634989738464355,4.109110355377197
67,0.10488390922546387,0.382429838180542,0.48731374740600586,3.89214825630188
67,0.16377472877502441,0.3886880874633789,0.5524628162384033,3.9382548332214355
67,0.1418149471282959,0.39843058586120605,0.540245532989502,4.05671238899231
67,0.12982988357543945,0.3944683074951172,0.5242981910705566,4.001192569732666
67,0.10031509399414062,0.4604308605194092,0.5607459545135498,4.113818168640137
67,0.11095333099365234,0.4108119010925293,0.5217652320861816,4.01510763168335
67,0.10014772415161133,0.5976636409759521,0.6978113651275635,4.373287200927734
67,0.10985231399536133,0.390606164932251,0.5004584789276123,4.217994689941406
67,0.14761590957641602,0.47043442726135254,0.6180503368377686,4.1740403175354
67,0.12519431114196777,0.45215272903442383,0.5773470401763916,3.828092336654663
67,0.10025382041931152,0.4060549736022949,0.5063087940216064,4.117486000061035
67,0.14586973190307617,0.4450809955596924,0.5909507274627686,3.9016964435577393
67,0.1257643699645996,0.4145045280456543,0.5402688980102539,4.139765501022339
67,0.09835314750671387,0.43618059158325195,0.5345337390899658,3.999413013458252
67,0.09918045997619629,0.39645934104919434,0.4956398010253906,4.04610538482666
67,0.10230135917663574,0.41977405548095703,0.5220754146575928,4.095349073410034
67,0.10108423233032227,0.4177885055541992,0.5188727378845215,4.025405406951904
67,0.10976648330688477,0.3885180950164795,0.49828457832336426,4.046999454498291
67,0.12446212768554688,0.48360633850097656,0.6080684661865234,4.140979528427124
67,0.10804367065429688,0.483320951461792,0.5913646221160889,4.088072776794434
67,0.1272594928741455,0.4635279178619385,0.590787410736084,4.276045799255371
67,0.1311180591583252,0.3959503173828125,0.5270683765411377,4.081432342529297
67,0.12715816497802734,0.4334101676940918,0.5605683326721191,4.117991209030151
67,0.0979604721069336,0.4097609519958496,0.5077214241027832,4.2328040599823
67,0.10324978828430176,0.38367748260498047,0.4869272708892822,3.960134744644165
67,0.13805055618286133,0.41742539405822754,0.5554759502410889,3.944066286087036
67,0.09753179550170898,0.38562440872192383,0.4831562042236328,3.84077787399292
67,0.11449503898620605,0.44280171394348145,0.5572967529296875,4.047440767288208
67,0.09882736206054688,0.40807271003723145,0.5069000720977783,3.94561767578125
67,0.10448765754699707,0.399730920791626,0.504218578338623,3.972012519836426
67,0.09779548645019531,0.42764735221862793,0.5254428386688232,4.094944477081299
67,0.09947776794433594,0.37457847595214844,0.4740562438964844,3.6754236221313477
67,0.12480950355529785,0.38689613342285156,0.5117056369781494,3.9399430751800537
67,0.10616278648376465,0.44147634506225586,0.5476391315460205,4.039419651031494
67,0.09885025024414062,0.3569934368133545,0.4558436870574951,3.9595577716827393
67,0.12348818778991699,0.3813323974609375,0.5048205852508545,3.9497766494750977
67,0.09778761863708496,0.4415261745452881,0.539313793182373,3.8899483680725098
67,0.10316061973571777,0.4006538391113281,0.5038144588470459,3.999715566635132
67,0.12814807891845703,0.40401196479797363,0.5321600437164307,3.999521493911743
67,0.09875869750976562,0.35884785652160645,0.45760655403137207,3.939039468765259
67,0.11510825157165527,0.3649628162384033,0.4800710678100586,4.031012058258057
67,0.09838581085205078,0.4785597324371338,0.5769455432891846,3.9080793857574463
67,0.10744190216064453,0.4025230407714844,0.5099649429321289,3.9742887020111084
67,0.14940977096557617,0.42886972427368164,0.5782794952392578,3.9235177040100098
67,0.11422967910766602,0.4326133728027344,0.5468430519104004,3.969092607498169
67,0.12061095237731934,0.43103814125061035,0.5516490936279297,3.925062656402588
67,0.10333251953125,0.37589502334594727,0.47922754287719727,4.047600984573364
67,0.1110849380493164,0.4199376106262207,0.5310225486755371,3.871161699295044
67,0.1578810214996338,0.39514923095703125,0.553030252456665,4.066481828689575
67,0.1332075595855713,0.4465970993041992,0.5798046588897705,4.120061635971069
67,0.09724068641662598,0.4151184558868408,0.5123591423034668,3.924997091293335
67,0.09838008880615234,0.40120744705200195,0.4995875358581543,3.8723080158233643
67,0.11538982391357422,0.3830897808074951,0.49847960472106934,4.112481117248535
67,0.10067224502563477,0.5038537979125977,0.6045260429382324,3.9254310131073
67,0.09813070297241211,0.44274401664733887,0.540874719619751,3.9171085357666016
67,0.1363067626953125,0.4409518241882324,0.5772585868835449,3.9426090717315674
67,0.09776759147644043,0.4232316017150879,0.5209991931915283,3.9799137115478516
67,0.12666630744934082,0.4103968143463135,0.5370631217956543,3.90334153175354
67,0.09893512725830078,0.3779139518737793,0.4768490791320801,3.7731106281280518
67,0.09724903106689453,0.36377406120300293,0.46102309226989746,3.6751604080200195
67,0.09776592254638672,0.4230618476867676,0.5208277702331543,3.9570841789245605
67,0.09902286529541016,0.4679412841796875,0.5669641494750977,3.7482705116271973
67,0.12129998207092285,0.4161710739135742,0.5374710559844971,4.120817184448242
67,0.12527704238891602,0.5119373798370361,0.6372144222259521,4.186602592468262
67,0.1293332576751709,0.4546830654144287,0.5840163230895996,3.9557721614837646
67,0.1329350471496582,0.35891246795654297,0.49184751510620117,3.8863184452056885
67,0.09830284118652344,0.3751039505004883,0.4734067916870117,4.087599277496338
67,0.0970616340637207,0.4601616859436035,0.5572233200073242,3.963698625564575
67,0.0975949764251709,0.41176915168762207,0.509364128112793,3.828619956970215
67,0.12138772010803223,0.42742037773132324,0.5488080978393555,4.106210231781006
67,0.1621692180633545,0.4271512031555176,0.5893204212188721,4.036194324493408
67,0.1357121467590332,0.4384922981262207,0.5742044448852539,4.166698217391968
67,0.09970283508300781,0.44391751289367676,0.5436203479766846,4.009633779525757
67,0.09734582901000977,0.5389702320098877,0.6363160610198975,3.9440724849700928
67,0.10860180854797363,0.4310147762298584,0.539616584777832,4.080071449279785
67,0.10064148902893066,0.4760701656341553,0.5767116546630859,4.009871006011963
67,0.09738612174987793,0.36400437355041504,0.46139049530029297,3.8363490104675293
67,0.12482762336730957,0.3862464427947998,0.5110740661621094,3.886197090148926
67,0.12685298919677734,0.4163963794708252,0.5432493686676025,3.9145851135253906
67,0.10347414016723633,0.41979312896728516,0.5232672691345215,4.01192307472229
67,0.09869384765625,0.42894673347473145,0.5276405811309814,3.8248536586761475
67,0.12526178359985352,0.42491626739501953,0.550178050994873,4.069021224975586
67,0.10652017593383789,0.41454005241394043,0.5210602283477783,3.839658260345459
67,0.09841728210449219,0.40996527671813965,0.5083825588226318,3.8263590335845947
67,0.12379288673400879,0.4467191696166992,0.570512056350708,3.9735703468322754
67,0.12450551986694336,0.4606361389160156,0.585141658782959,4.050255298614502
67,0.10585379600524902,0.5441627502441406,0.6500165462493896,4.208637952804565
67,0.10244607925415039,0.3760848045349121,0.4785308837890625,4.00734543800354
67,0.10076498985290527,0.39609742164611816,0.49686241149902344,3.9047343730926514
67,0.10368752479553223,0.39553022384643555,0.4992177486419678,3.8810935020446777
67,0.14052510261535645,0.4129669666290283,0.5534920692443848,3.836824417114258
67,0.11316442489624023,0.4441404342651367,0.557304859161377,3.896048069000244
67,0.09846854209899902,0.3632690906524658,0.46173763275146484,3.8806235790252686
67,0.09731268882751465,0.4129772186279297,0.5102899074554443,3.944162368774414
67,0.11157989501953125,0.42749500274658203,0.5390748977661133,4.0365588665008545
67,0.10612964630126953,0.4067351818084717,0.5128648281097412,4.355969429016113
67,0.10156869888305664,0.40192699432373047,0.5034956932067871,4.000144720077515
67,0.10055828094482422,0.40486955642700195,0.5054278373718262,3.871983766555786
67,0.1154642105102539,0.4152548313140869,0.5307190418243408,3.9882795810699463
67,0.13033723831176758,0.4774789810180664,0.607816219329834,4.218780517578125
67,0.11341452598571777,0.4170360565185547,0.5304505825042725,4.1130170822143555
67,0.10539507865905762,0.43428993225097656,0.5396850109100342,3.964480400085449
67,0.14553070068359375,0.42001986503601074,0.5655505657196045,3.903247356414795
67,0.11356091499328613,0.3988323211669922,0.5123932361602783,4.078123092651367
67,0.10554909706115723,0.4056973457336426,0.5112464427947998,3.9536592960357666
67,0.12373709678649902,0.4232611656188965,0.5469982624053955,4.171252489089966
67,0.12187814712524414,0.4404730796813965,0.5623512268066406,4.25771164894104
67,0.13007760047912598,0.4135580062866211,0.5436356067657471,3.859182596206665
67,0.10064935684204102,0.4312262535095215,0.5318756103515625,3.998485565185547
67,0.11047959327697754,0.44724488258361816,0.5577244758605957,4.155405282974243
67,0.10541963577270508,0.3627650737762451,0.4681847095489502,3.9257795810699463
67,0.09793782234191895,0.35929274559020996,0.4572305679321289,3.8769938945770264
67,0.10824394226074219,0.39502668380737305,0.5032706260681152,3.959585666656494
67,0.09896516799926758,0.3720870018005371,0.4710521697998047,3.959404706954956
67,0.09855484962463379,0.4153449535369873,0.5138998031616211,3.854034662246704
67,0.10264372825622559,0.5178689956665039,0.6205127239227295,4.082376956939697
67,0.12096524238586426,0.462291955947876,0.5832571983337402,3.877389907836914
67,0.09712791442871094,0.502272367477417,0.5994002819061279,3.993774175643921
67,0.09913229942321777,0.4184103012084961,0.5175426006317139,3.943552017211914
67,0.1005401611328125,0.46640634536743164,0.5669465065002441,4.03544807434082
67,0.17474079132080078,0.38538360595703125,0.560124397277832,3.8212947845458984
67,0.11707472801208496,0.43576931953430176,0.5528440475463867,4.110721826553345
67,0.09835004806518555,0.4115898609161377,0.5099399089813232,3.990734815597534
67,0.12581849098205566,0.3799476623535156,0.5057661533355713,3.8041775226593018
67,0.10567426681518555,0.38840651512145996,0.4940807819366455,4.004100322723389
67,0.10655474662780762,0.42314815521240234,0.52970290184021,3.8591103553771973
67,0.17432284355163574,0.4049229621887207,0.5792458057403564,4.185312509536743
67,0.12262296676635742,0.457782506942749,0.5804054737091064,4.06986403465271
67,0.09776902198791504,0.4089169502258301,0.5066859722137451,3.846312999725342
67,0.12127685546875,0.40796661376953125,0.5292434692382812,4.076954126358032
67,0.10051512718200684,0.3714735507965088,0.4719886779785156,3.9441170692443848
67,0.10122156143188477,0.4586176872253418,0.5598392486572266,3.9827966690063477
67,0.1259315013885498,0.45496463775634766,0.5808961391448975,3.975578546524048
67,0.12517118453979492,0.4561173915863037,0.5812885761260986,4.093253135681152
67,0.12349247932434082,0.417860746383667,0.5413532257080078,3.966801166534424
67,0.12851285934448242,0.42590856552124023,0.5544214248657227,3.9766359329223633
67,0.09828042984008789,0.3836526870727539,0.4819331169128418,3.7735676765441895
67,0.127669095993042,0.41753649711608887,0.5452055931091309,4.155966520309448
67,0.13380193710327148,0.39496374130249023,0.5287656784057617,4.146079778671265
67,0.0979452133178711,0.40929079055786133,0.5072360038757324,3.974431276321411
67,0.09852147102355957,0.36263203620910645,0.461153507232666,3.8695225715637207
67,0.10319399833679199,0.4360787868499756,0.5392727851867676,3.861827850341797
67,0.09853100776672363,0.523444414138794,0.6219754219055176,4.121013164520264
67,0.1010744571685791,0.3912386894226074,0.4923131465911865,3.996689558029175
67,0.13567328453063965,0.46489548683166504,0.6005687713623047,4.23456072807312
67,0.11827588081359863,0.4234583377838135,0.5417342185974121,4.047357797622681
67,0.1471567153930664,0.4006919860839844,0.5478487014770508,4.086759090423584
67,0.1019282341003418,0.36450791358947754,0.46643614768981934,3.963463068008423
67,0.0974111557006836,0.38683342933654785,0.48424458503723145,3.6416726112365723
67,0.12273836135864258,0.43688035011291504,0.5596187114715576,3.9992551803588867
67,0.13444137573242188,0.4008474349975586,0.5352888107299805,4.288283586502075
67,0.09721040725708008,0.44594740867614746,0.5431578159332275,3.9723687171936035
67,0.12580037117004395,0.45415234565734863,0.5799527168273926,4.263655185699463
67,0.12502050399780273,0.3890383243560791,0.5140588283538818,3.905988931655884
67,0.10509753227233887,0.4186255931854248,0.5237231254577637,3.9504852294921875
67,0.10077738761901855,0.3913295269012451,0.49210691452026367,4.014258623123169
67,0.12366700172424316,0.39652371406555176,0.5201907157897949,3.9510819911956787
67,0.09915900230407715,0.43491101264953613,0.5340700149536133,3.858828067779541
67,0.12346148490905762,0.4483506679534912,0.5718121528625488,3.94431734085083
67,0.10061144828796387,0.4026017189025879,0.5032131671905518,3.9264068603515625
67,0.09725666046142578,0.41332364082336426,0.51058030128479,3.8846943378448486
67,0.12517428398132324,0.38906192779541016,0.5142362117767334,4.041315317153931
67,0.09691834449768066,0.41149091720581055,0.5084092617034912,3.9353697299957275
67,0.10061764717102051,0.43453216552734375,0.5351498126983643,3.8251302242279053
67,0.11764335632324219,0.3978312015533447,0.5154745578765869,3.962521553039551
67,0.12655186653137207,0.38112831115722656,0.5076801776885986,3.83492374420166
67,0.12479400634765625,0.4225008487701416,0.5472948551177979,3.9196856021881104
67,0.10274672508239746,0.46907973289489746,0.5718264579772949,3.9709951877593994
67,0.10198020935058594,0.46539998054504395,0.5673801898956299,4.133639574050903
67,0.09835076332092285,0.40035057067871094,0.4987013339996338,3.707986831665039
67,0.09746265411376953,0.4071190357208252,0.5045816898345947,4.015813112258911
67,0.11807441711425781,0.49454379081726074,0.6126182079315186,3.9853196144104004
67,0.1148228645324707,0.42597436904907227,0.540797233581543,3.881044626235962
67,0.12458968162536621,0.37096643447875977,0.495556116104126,3.9911949634552
67,0.12604999542236328,0.41989755630493164,0.5459475517272949,3.969163179397583
67,0.10193419456481934,0.39696645736694336,0.4989006519317627,3.964498519897461
67,0.10058307647705078,0.4327881336212158,0.5333712100982666,4.045596122741699
67,0.1008446216583252,0.45411014556884766,0.5549547672271729,4.043673753738403
67,0.10838961601257324,0.3863837718963623,0.49477338790893555,4.02403998374939
67,0.14630794525146484,0.39588379859924316,0.542191743850708,3.9081337451934814
67,0.1364760398864746,0.3918111324310303,0.5282871723175049,4.041933059692383
67,0.09791159629821777,0.44139742851257324,0.539309024810791,4.035586595535278
67,0.09986400604248047,0.46831798553466797,0.5681819915771484,3.993656873703003
67,0.15687155723571777,0.4082341194152832,0.565105676651001,3.9948501586914062
67,0.10296964645385742,0.40630245208740234,0.5092720985412598,3.989135265350342
67,0.1242990493774414,0.44136548042297363,0.565664529800415,4.051219463348389
67,0.10260725021362305,0.3689272403717041,0.47153449058532715,3.892502784729004
67,0.09872031211853027,0.46047353744506836,0.5591938495635986,3.842837333679199
67,0.1053776741027832,0.39995789527893066,0.5053355693817139,3.968224048614502
67,0.13756990432739258,0.4033069610595703,0.5408768653869629,3.953982353210449
67,0.11003589630126953,0.4486055374145508,0.5586414337158203,3.8945889472961426
67,0.09724640846252441,0.40960216522216797,0.5068485736846924,3.8700900077819824
67,0.10079360008239746,0.3823518753051758,0.48314547538757324,3.9581689834594727
67,0.10146880149841309,0.3881244659423828,0.4895932674407959,3.797201633453369
67,0.12629461288452148,0.4149284362792969,0.5412230491638184,3.919152021408081
67,0.09838628768920898,0.45473742485046387,0.5531237125396729,3.830108165740967
67,0.10307550430297852,0.4006359577178955,0.503711462020874,3.915330648422241
67,0.18787360191345215,0.48386359214782715,0.6717371940612793,4.020594358444214
67,0.10148215293884277,0.446117639541626,0.5475997924804688,3.8376717567443848
67,0.1291956901550293,0.377091646194458,0.5062873363494873,4.198883771896362
67,0.12223458290100098,0.4778618812561035,0.6000964641571045,4.020052671432495
67,0.13469910621643066,0.4330902099609375,0.5677893161773682,3.9418294429779053
67,0.09943795204162598,0.3689577579498291,0.4683957099914551,3.886324167251587
67,0.10008645057678223,0.3963632583618164,0.49644970893859863,3.7821106910705566
67,0.13254618644714355,0.4526529312133789,0.5851991176605225,3.951737403869629
67,0.10101437568664551,0.42267942428588867,0.5236937999725342,4.040725946426392
67,0.09781098365783691,0.42066025733947754,0.5184712409973145,4.034787654876709
67,0.12638449668884277,0.3864932060241699,0.5128777027130127,4.0143725872039795
67,0.10358452796936035,0.38062262535095215,0.4842071533203125,3.9040703773498535
67,0.10206413269042969,0.42720460891723633,0.529268741607666,4.024285554885864
67,0.10767865180969238,0.39867115020751953,0.5063498020172119,4.070828437805176
67,0.10454821586608887,0.41416025161743164,0.5187084674835205,3.79303240776062
67,0.09762907028198242,0.39969420433044434,0.49732327461242676,4.070374965667725
67,0.10042905807495117,0.48413586616516113,0.5845649242401123,3.936584949493408
67,0.1154470443725586,0.4197113513946533,0.5351583957672119,4.030847072601318
67,0.1259164810180664,0.3776822090148926,0.503598690032959,3.9859304428100586
67,0.10149359703063965,0.4340190887451172,0.5355126857757568,3.887460708618164
67,0.10410594940185547,0.3879966735839844,0.49210262298583984,3.976181983947754
67,0.0973811149597168,0.39602231979370117,0.49340343475341797,3.990597724914551
67,0.10277462005615234,0.39119529724121094,0.4939699172973633,3.7501842975616455
67,0.1560051441192627,0.4419255256652832,0.5979306697845459,4.026277780532837
67,0.10498571395874023,0.3986778259277344,0.5036635398864746,3.812222719192505
67,0.12468695640563965,0.48413705825805664,0.6088240146636963,3.876948595046997
67,0.12447047233581543,0.37770843505859375,0.5021789073944092,3.920586347579956
67,0.10970139503479004,0.4765512943267822,0.5862526893615723,3.856454849243164
67,0.10076260566711426,0.44052958488464355,0.5412921905517578,3.8672549724578857
67,0.10814118385314941,0.3681159019470215,0.4762570858001709,3.934572696685791
67,0.09771466255187988,0.46978306770324707,0.567497730255127,3.932614326477051
67,0.09806442260742188,0.3926048278808594,0.49066925048828125,3.8956379890441895
67,0.11472892761230469,0.4048736095428467,0.5196025371551514,4.074300765991211
67,0.10100460052490234,0.39923548698425293,0.5002400875091553,4.052987813949585
67,0.0994117259979248,0.4599144458770752,0.559326171875,3.88114857673645
67,0.0981900691986084,0.4762606620788574,0.5744507312774658,3.8604252338409424
67,0.10161638259887695,0.49092936515808105,0.592545747756958,3.9007856845855713
67,0.1313917636871338,0.4828364849090576,0.6142282485961914,3.9402432441711426
67,0.11000370979309082,0.4016451835632324,0.5116488933563232,3.843357563018799
67,0.0977632999420166,0.3631751537322998,0.4609384536743164,3.817378520965576
67,0.1172640323638916,0.5204408168792725,0.6377048492431641,3.9365317821502686
67,0.1019129753112793,0.40528440475463867,0.507197380065918,3.9579129219055176
67,0.09792304039001465,0.4786069393157959,0.5765299797058105,3.8766257762908936
67,0.0984349250793457,0.37400174140930176,0.47243666648864746,3.9881818294525146
67,0.15034866333007812,0.44289302825927734,0.5932416915893555,3.914367437362671
67,0.09869217872619629,0.41689276695251465,0.5155849456787109,3.9880402088165283
67,0.12798213958740234,0.41107678413391113,0.5390589237213135,3.962602138519287
67,0.1467275619506836,0.40709543228149414,0.5538229942321777,3.8869268894195557
67,0.1179964542388916,0.347994327545166,0.4659907817840576,3.8055622577667236
67,0.09900927543640137,0.4537990093231201,0.5528082847595215,3.866201639175415
67,0.10116004943847656,0.4005305767059326,0.5016906261444092,3.808490753173828
67,0.10009050369262695,0.45688748359680176,0.5569779872894287,3.880707263946533
67,0.12096953392028809,0.4235117435455322,0.5444812774658203,4.010174036026001
67,0.10336565971374512,0.41149187088012695,0.5148575305938721,3.9930851459503174
67,0.1095433235168457,0.394711971282959,0.5042552947998047,3.8765525817871094
67,0.10591292381286621,0.4183800220489502,0.5242929458618164,3.9171555042266846
67,0.12017321586608887,0.4029576778411865,0.5231308937072754,4.034865379333496
67,0.12378716468811035,0.4648871421813965,0.5886743068695068,3.8281447887420654
67,0.12483692169189453,0.3631598949432373,0.48799681663513184,3.8775224685668945
67,0.1258537769317627,0.39890003204345703,0.5247538089752197,3.984575033187866
67,0.12370586395263672,0.4415864944458008,0.5652923583984375,4.032108545303345
67,0.10043740272521973,0.36643338203430176,0.4668707847595215,3.835479974746704
67,0.13966989517211914,0.4621434211730957,0.6018133163452148,4.012893199920654
67,0.1002352237701416,0.4065384864807129,0.5067737102508545,3.9165823459625244
67,0.10062718391418457,0.49817514419555664,0.5988023281097412,3.9943904876708984
67,0.1059122085571289,0.4001657962799072,0.5060780048370361,3.9625980854034424
67,0.12584161758422852,0.407365083694458,0.5332067012786865,3.908404588699341
67,0.09805440902709961,0.3573918342590332,0.4554462432861328,3.9951999187469482
67,0.10740947723388672,0.4681100845336914,0.5755195617675781,3.9222099781036377
67,0.1249852180480957,0.435624361038208,0.5606095790863037,3.9329311847686768
67,0.1001138687133789,0.4787118434906006,0.5788257122039795,4.080888748168945
67,0.11863279342651367,0.4300415515899658,0.5486743450164795,3.9480857849121094
67,0.10364699363708496,0.4125485420227051,0.51619553565979,3.9614598751068115
67,0.10197210311889648,0.4020857810974121,0.5040578842163086,4.062513828277588
67,0.10243988037109375,0.45124387741088867,0.5536837577819824,4.1263587474823
67,0.09717679023742676,0.3654634952545166,0.46264028549194336,3.956395149230957
67,0.10040688514709473,0.3700902462005615,0.47049713134765625,3.894355535507202
67,0.12636733055114746,0.4973022937774658,0.6236696243286133,4.0985188484191895
67,0.10216927528381348,0.4023420810699463,0.5045113563537598,3.9041824340820312
67,0.09902048110961914,0.3669559955596924,0.4659764766693115,3.9026620388031006
67,0.13815689086914062,0.4092538356781006,0.5474107265472412,4.065043210983276
67,0.10266876220703125,0.3928241729736328,0.49549293518066406,4.020254373550415
67,0.09973454475402832,0.38834333419799805,0.48807787895202637,4.005410432815552
67,0.10186386108398438,0.38695859909057617,0.48882246017456055,4.0445568561553955
67,0.12790918350219727,0.40530920028686523,0.5332183837890625,3.8938539028167725
67,0.1077423095703125,0.38281726837158203,0.49055957794189453,3.9490091800689697
67,0.11273741722106934,0.41329145431518555,0.5260288715362549,4.060834884643555
67,0.11203527450561523,0.42461252212524414,0.5366477966308594,4.071940660476685
67,0.12181305885314941,0.4223048686981201,0.5441179275512695,4.059371709823608
67,0.1008138656616211,0.4312918186187744,0.5321056842803955,3.8907127380371094
67,0.1026155948638916,0.3903536796569824,0.492969274520874,3.9646854400634766
67,0.09768819808959961,0.40697216987609863,0.5046603679656982,3.842949867248535
67,0.10098147392272949,0.42097043991088867,0.5219519138336182,3.844681978225708
67,0.10117316246032715,0.423065185546875,0.5242383480072021,3.939993381500244
67,0.10364365577697754,0.44231104850769043,0.545954704284668,4.014504671096802
67,0.12386107444763184,0.4636414051055908,0.5875024795532227,3.986521005630493
67,0.09892725944519043,0.43549108505249023,0.5344183444976807,3.8828048706054688
67,0.11754608154296875,0.43882298469543457,0.5563690662384033,3.9582364559173584
67,0.10333490371704102,0.3720078468322754,0.4753427505493164,4.076237678527832
67,0.10361933708190918,0.43951988220214844,0.5431392192840576,4.0451884269714355
67,0.0982358455657959,0.43742990493774414,0.53566575050354,4.187957763671875
67,0.12660765647888184,0.3942253589630127,0.5208330154418945,3.809462308883667
67,0.13464093208312988,0.4048147201538086,0.5394556522369385,3.897904872894287
67,0.13360166549682617,0.43216371536254883,0.565765380859375,4.069979667663574
67,0.12503361701965332,0.4138476848602295,0.5388813018798828,3.971585273742676
67,0.12573504447937012,0.45288658142089844,0.5786216259002686,4.051609516143799
67,0.10625457763671875,0.39707303047180176,0.5033276081085205,3.9150161743164062
67,0.12489104270935059,0.42727208137512207,0.5521631240844727,3.8201067447662354
67,0.12203359603881836,0.41385984420776367,0.535893440246582,3.8610987663269043
67,0.0971992015838623,0.4117891788482666,0.5089883804321289,3.955357074737549
67,0.09981131553649902,0.39351558685302734,0.49332690238952637,3.879270315170288
67,0.10460901260375977,0.4093496799468994,0.5139586925506592,3.9179561138153076
67,0.15280818939208984,0.45911169052124023,0.6119198799133301,4.266960144042969
67,0.09763836860656738,0.41448354721069336,0.5121219158172607,4.01407790184021
67,0.11034226417541504,0.38785552978515625,0.4981977939605713,3.969017744064331
67,0.14535880088806152,0.3907904624938965,0.536149263381958,3.8946533203125
67,0.12133145332336426,0.433701753616333,0.5550332069396973,3.9001941680908203
67,0.09685420989990234,0.4048337936401367,0.5016880035400391,3.9234580993652344
67,0.12507867813110352,0.4173450469970703,0.5424237251281738,3.9848508834838867
67,0.09810709953308105,0.41585421562194824,0.5139613151550293,4.060481071472168
67,0.10934877395629883,0.4082813262939453,0.5176301002502441,3.837747573852539
67,0.12174320220947266,0.3718147277832031,0.4935579299926758,3.791088104248047
67,0.11320209503173828,0.42316532135009766,0.5363674163818359,4.025424242019653
67,0.11365199089050293,0.45270466804504395,0.5663566589355469,4.0357325077056885
67,0.1186068058013916,0.39021754264831543,0.508824348449707,4.0652148723602295
67,0.10403633117675781,0.3945152759552002,0.498551607131958,4.017627000808716
67,0.134735107421875,0.38248324394226074,0.5172183513641357,3.985964775085449
67,0.11450505256652832,0.5250234603881836,0.6395285129547119,4.094253063201904
67,0.09883475303649902,0.3739185333251953,0.47275328636169434,4.057215929031372
67,0.12414979934692383,0.42238950729370117,0.546539306640625,4.0120344161987305
67,0.10756254196166992,0.43647217750549316,0.5440347194671631,4.042903423309326
67,0.11677980422973633,0.4552454948425293,0.5720252990722656,4.082665920257568
67,0.10302877426147461,0.4081389904022217,0.5111677646636963,3.936250925064087
67,0.10344624519348145,0.42453670501708984,0.5279829502105713,4.045258522033691
67,0.1046609878540039,0.43015527725219727,0.5348162651062012,3.9191296100616455
67,0.12060832977294922,0.4092600345611572,0.5298683643341064,3.8974618911743164
67,0.11878228187561035,0.4906885623931885,0.6094708442687988,3.9835143089294434
67,0.12430238723754883,0.4006075859069824,0.5249099731445312,4.111778497695923
67,0.09628582000732422,0.47192907333374023,0.5682148933410645,3.8533289432525635
67,0.09862828254699707,0.3983190059661865,0.4969472885131836,3.8845362663269043
67,0.12571167945861816,0.37905454635620117,0.5047662258148193,3.769136667251587
67,0.1339116096496582,0.4326350688934326,0.5665466785430908,3.9865355491638184
67,0.10959243774414062,0.3839421272277832,0.49353456497192383,3.8648924827575684
67,0.10917472839355469,0.4220914840698242,0.5312662124633789,3.7934014797210693
67,0.12724590301513672,0.4224584102630615,0.5497043132781982,3.838783025741577
67,0.138167142868042,0.4595377445220947,0.5977048873901367,4.094305038452148
67,0.11554265022277832,0.4261455535888672,0.5416882038116455,4.019785642623901
67,0.14872431755065918,0.39163923263549805,0.5403635501861572,3.9097466468811035
67,0.10118889808654785,0.4366147518157959,0.5378036499023438,3.878107786178589
67,0.11157441139221191,0.3692026138305664,0.4807770252227783,3.8195040225982666
67,0.13939976692199707,0.3869142532348633,0.5263140201568604,3.8834187984466553
67,0.12448310852050781,0.43241214752197266,0.5568952560424805,4.095931529998779
67,0.09858250617980957,0.3883836269378662,0.4869661331176758,3.8221592903137207
67,0.10457754135131836,0.41728734970092773,0.5218648910522461,3.881042718887329
67,0.153120756149292,0.39467334747314453,0.5477941036224365,3.9722788333892822
67,0.10643601417541504,0.3864402770996094,0.4928762912750244,3.788710832595825
67,0.13468337059020996,0.3642261028289795,0.49890947341918945,3.9547722339630127
67,0.10300803184509277,0.3853445053100586,0.48835253715515137,3.875194787979126
67,0.09810733795166016,0.4503657817840576,0.5484731197357178,4.0482611656188965
67,0.14205622673034668,0.43629956245422363,0.5783557891845703,3.9550940990448
67,0.11461853981018066,0.4338212013244629,0.5484397411346436,3.953275203704834
67,0.10450124740600586,0.409576416015625,0.5140776634216309,3.7274861335754395
67,0.09712076187133789,0.4276113510131836,0.5247321128845215,3.727309226989746
67,0.13727545738220215,0.4135432243347168,0.550818681716919,4.081954002380371
67,0.1008307933807373,0.4813711643218994,0.5822019577026367,3.9453718662261963
67,0.10561394691467285,0.4770016670227051,0.5826156139373779,3.8868281841278076
67,0.14450502395629883,0.4427628517150879,0.5872678756713867,3.985214948654175
67,0.1281750202178955,0.38671278953552246,0.514887809753418,3.9166481494903564
67,0.09938859939575195,0.47363829612731934,0.5730268955230713,3.8238940238952637
67,0.11078500747680664,0.4543423652648926,0.5651273727416992,4.026670694351196
67,0.09924173355102539,0.42922496795654297,0.5284667015075684,3.8712573051452637
67,0.12437129020690918,0.3775959014892578,0.501967191696167,4.1416075229644775
67,0.11823725700378418,0.3754606246948242,0.4936978816986084,3.9912221431732178
67,0.10588788986206055,0.3873291015625,0.49321699142456055,3.9951894283294678
67,0.0995023250579834,0.4189319610595703,0.5184342861175537,3.964414119720459
67,0.10676193237304688,0.4115912914276123,0.5183532238006592,3.8858299255371094
67,0.1322779655456543,0.48363661766052246,0.6159145832061768,4.024080276489258
67,0.1263439655303955,0.3816256523132324,0.5079696178436279,3.9883837699890137
67,0.10899758338928223,0.41397571563720703,0.5229732990264893,3.9992361068725586
67,0.09820294380187988,0.401503324508667,0.4997062683105469,3.7927420139312744
67,0.12349057197570801,0.41292524337768555,0.5364158153533936,3.9176435470581055
67,0.10152149200439453,0.48155641555786133,0.5830779075622559,3.849634885787964
67,0.12529325485229492,0.4455752372741699,0.5708684921264648,3.85150408744812
67,0.12310004234313965,0.4495062828063965,0.5726063251495361,3.816479444503784
67,0.10199451446533203,0.3796703815460205,0.48166489601135254,3.739104747772217
67,0.11142778396606445,0.4478893280029297,0.5593171119689941,4.014886379241943
67,0.09671449661254883,0.4033784866333008,0.5000929832458496,4.031683921813965
67,0.09920859336853027,0.381267786026001,0.48047637939453125,3.9817721843719482
67,0.09784603118896484,0.4534637928009033,0.5513098239898682,3.915849208831787
67,0.1617429256439209,0.4252145290374756,0.5869574546813965,3.797497272491455
67,0.12948346138000488,0.3854093551635742,0.5148928165435791,3.8895881175994873
67,0.09701848030090332,0.44850826263427734,0.5455267429351807,3.9745545387268066
67,0.0975804328918457,0.43822431564331055,0.5358047485351562,3.882317543029785
67,0.10001420974731445,0.4732036590576172,0.5732178688049316,4.1877758502960205
67,0.09899091720581055,0.41486668586730957,0.5138576030731201,4.068843603134155
67,0.11058878898620605,0.43508028984069824,0.5456690788269043,3.9539690017700195
67,0.12027239799499512,0.43600988388061523,0.5562822818756104,4.104783058166504
67,0.10788536071777344,0.41002750396728516,0.5179128646850586,3.871201515197754
67,0.10072755813598633,0.44535398483276367,0.54608154296875,4.071150779724121
67,0.13890719413757324,0.39726877212524414,0.5361759662628174,4.050957441329956
67,0.12373661994934082,0.4099750518798828,0.5337116718292236,3.958141565322876
67,0.09812188148498535,0.4481534957885742,0.5462753772735596,3.950185775756836
67,0.10219216346740723,0.43671369552612305,0.5389058589935303,3.931659460067749
67,0.09760665893554688,0.421891450881958,0.5194981098175049,3.936030864715576
67,0.13309597969055176,0.4100477695465088,0.5431437492370605,3.8394711017608643
67,0.184861421585083,0.46336793899536133,0.6482293605804443,4.185283660888672
67,0.10921788215637207,0.4299764633178711,0.5391943454742432,4.033662796020508
67,0.1298995018005371,0.42139124870300293,0.55129075050354,4.145279169082642
67,0.12705159187316895,0.4271657466888428,0.5542173385620117,3.9913456439971924
67,0.12371683120727539,0.38470005989074707,0.5084168910980225,3.88021183013916
67,0.0986936092376709,0.38312458992004395,0.48181819915771484,3.9544286727905273
67,0.10049009323120117,0.41008424758911133,0.5105743408203125,4.011207818984985
67,0.10535526275634766,0.3775315284729004,0.48288679122924805,3.7787513732910156
67,0.09926128387451172,0.4900703430175781,0.5893316268920898,4.1905505657196045
67,0.11462712287902832,0.3913583755493164,0.5059854984283447,3.854037284851074
67,0.12248754501342773,0.45169806480407715,0.5741856098175049,4.232914209365845
67,0.10919713973999023,0.44103121757507324,0.5502283573150635,3.9336085319519043
67,0.1488645076751709,0.41839051246643066,0.5672550201416016,3.9516191482543945
67,0.12273716926574707,0.4300522804260254,0.5527894496917725,4.0611279010772705
67,0.11574840545654297,0.4415428638458252,0.5572912693023682,4.022217750549316
67,0.09967613220214844,0.4271228313446045,0.5267989635467529,3.961930990219116
67,0.14490461349487305,0.4578702449798584,0.6027748584747314,3.9738619327545166
67,0.10000371932983398,0.4604020118713379,0.5604057312011719,4.000662565231323
67,0.1570899486541748,0.48360228538513184,0.6406922340393066,3.949110984802246
67,0.1325972080230713,0.42589449882507324,0.5584917068481445,4.249688148498535
67,0.12499690055847168,0.3796873092651367,0.5046842098236084,4.072401285171509
67,0.10631608963012695,0.4887270927429199,0.5950431823730469,3.9853076934814453
67,0.12476992607116699,0.4378018379211426,0.5625717639923096,4.098618268966675
67,0.1255791187286377,0.417492151260376,0.5430712699890137,4.181675434112549
67,0.1238093376159668,0.5096533298492432,0.63346266746521,3.8476288318634033
67,0.10145831108093262,0.4499776363372803,0.5514359474182129,4.1608405113220215
67,0.1267106533050537,0.5086104869842529,0.6353211402893066,4.043449640274048
67,0.1120595932006836,0.4614999294281006,0.5735595226287842,4.1175172328948975
67,0.10933852195739746,0.3942759037017822,0.5036144256591797,4.082895040512085
67,0.0989067554473877,0.36520981788635254,0.46411657333374023,3.7938380241394043
67,0.10663318634033203,0.37186765670776367,0.4785008430480957,3.869743824005127
67,0.12009739875793457,0.4508347511291504,0.570932149887085,4.0324788093566895
67,0.14267778396606445,0.4425985813140869,0.5852763652801514,4.054196357727051
67,0.11074352264404297,0.41753721237182617,0.5282807350158691,3.9739582538604736
67,0.10142087936401367,0.39165782928466797,0.49307870864868164,3.920708179473877
67,0.11086630821228027,0.46282339096069336,0.5736896991729736,4.01897668838501
67,0.14630341529846191,0.42851996421813965,0.5748233795166016,4.057121753692627
67,0.17226910591125488,0.39614439010620117,0.568413496017456,4.069767951965332
67,0.10618233680725098,0.36965131759643555,0.4758336544036865,3.7461905479431152
67,0.1017310619354248,0.38944363594055176,0.49117469787597656,3.985307455062866
67,0.12529253959655762,0.4169752597808838,0.5422677993774414,4.1668665409088135
67,0.10628128051757812,0.369675874710083,0.47595715522766113,4.11260724067688
67,0.09908270835876465,0.37582826614379883,0.4749109745025635,3.9164724349975586
67,0.13788414001464844,0.3932371139526367,0.5311212539672852,3.926215410232544
67,0.09903502464294434,0.46959829330444336,0.5686333179473877,3.964268445968628
67,0.13364863395690918,0.3711535930633545,0.5048022270202637,3.980518102645874
67,0.0975792407989502,0.4181036949157715,0.5156829357147217,3.9255318641662598
67,0.10005998611450195,0.4226217269897461,0.522681713104248,3.9574217796325684
67,0.1138911247253418,0.4951343536376953,0.6090254783630371,4.086116790771484
67,0.09879827499389648,0.3950948715209961,0.4938931465148926,3.930596113204956
67,0.18566465377807617,0.43764662742614746,0.6233112812042236,4.3175880908966064
67,0.09952616691589355,0.44098401069641113,0.5405101776123047,4.086460590362549
67,0.12799358367919922,0.48061370849609375,0.608607292175293,4.0582051277160645
67,0.10686016082763672,0.49837374687194824,0.605233907699585,3.9115612506866455
67,0.09921884536743164,0.3684976100921631,0.4677164554595947,3.9137768745422363
67,0.12489080429077148,0.4465022087097168,0.5713930130004883,3.978287696838379
67,0.1008751392364502,0.40532732009887695,0.5062024593353271,4.090024948120117
67,0.13244199752807617,0.45386481285095215,0.5863068103790283,4.14920973777771
67,0.10453033447265625,0.45354509353637695,0.5580754280090332,4.039214611053467
67,0.09999632835388184,0.3871476650238037,0.48714399337768555,3.9369938373565674
67,0.10593128204345703,0.4274158477783203,0.5333471298217773,4.129422903060913
67,0.10203218460083008,0.37367749214172363,0.4757096767425537,4.047253370285034
67,0.09857892990112305,0.44080686569213867,0.5393857955932617,4.182116985321045
67,0.10201311111450195,0.42751240730285645,0.5295255184173584,4.0541832447052
67,0.1665654182434082,0.45494723320007324,0.6215126514434814,4.032090663909912
67,0.14176106452941895,0.39173173904418945,0.5334928035736084,4.193789958953857
67,0.11964941024780273,0.41997528076171875,0.5396246910095215,4.069695234298706
67,0.12461662292480469,0.40016651153564453,0.5247831344604492,4.221242666244507
67,0.1014399528503418,0.39641547203063965,0.49785542488098145,4.144221067428589
67,0.12546253204345703,0.40409207344055176,0.5295546054840088,4.111854553222656
67,0.13181614875793457,0.391895055770874,0.5237112045288086,3.9384207725524902
67,0.10156059265136719,0.4614880084991455,0.5630486011505127,3.901184558868408
67,0.1437838077545166,0.4233734607696533,0.5671572685241699,4.167132139205933
67,0.15243291854858398,0.44844818115234375,0.6008810997009277,3.9732882976531982
67,0.1000063419342041,0.3870828151702881,0.4870891571044922,4.027547121047974
67,0.10992264747619629,0.4992992877960205,0.6092219352722168,3.9998416900634766
67,0.12069559097290039,0.4794938564300537,0.6001894474029541,3.9621694087982178
67,0.11309695243835449,0.38687682151794434,0.49997377395629883,3.7941441535949707
67,0.12497425079345703,0.39930152893066406,0.5242757797241211,4.060881614685059
67,0.10242176055908203,0.45783424377441406,0.5602560043334961,4.010469198226929
67,0.12241744995117188,0.4168739318847656,0.5392913818359375,4.0767741203308105
67,0.1402740478515625,0.40371274948120117,0.5439867973327637,4.11807107925415
67,0.1110079288482666,0.4743843078613281,0.5853922367095947,4.021426200866699
67,0.1248326301574707,0.39393019676208496,0.5187628269195557,4.007199287414551
67,0.11187028884887695,0.5555722713470459,0.6674425601959229,4.060652732849121
67,0.10036897659301758,0.46077537536621094,0.5611443519592285,4.070687770843506
67,0.0978384017944336,0.4504575729370117,0.5482959747314453,4.0747904777526855
67,0.11920499801635742,0.4589192867279053,0.5781242847442627,4.019890308380127
67,0.10906481742858887,0.42925357818603516,0.538318395614624,3.9883222579956055
67,0.11294698715209961,0.3911564350128174,0.504103422164917,4.057660102844238
67,0.10533595085144043,0.3984973430633545,0.5038332939147949,4.178041458129883
67,0.10193276405334473,0.41466498374938965,0.5165977478027344,3.9277517795562744
67,0.13120317459106445,0.36845827102661133,0.4996614456176758,3.93099045753479
67,0.12080168724060059,0.4087193012237549,0.5295209884643555,4.037024736404419
67,0.12410593032836914,0.4655466079711914,0.5896525382995605,4.109540700912476
67,0.13964295387268066,0.4105544090270996,0.5501973628997803,3.8415799140930176
67,0.10452151298522949,0.38780784606933594,0.49232935905456543,4.059082746505737
67,0.12337136268615723,0.4727497100830078,0.596121072769165,4.346951246261597
67,0.09796309471130371,0.3867480754852295,0.4847111701965332,3.755873680114746
67,0.12173700332641602,0.4524800777435303,0.5742170810699463,3.8959691524505615
67,0.10169196128845215,0.4013981819152832,0.5030901432037354,3.8575265407562256
67,0.13934993743896484,0.4508531093597412,0.590203046798706,3.927748918533325
67,0.12290120124816895,0.37967920303344727,0.5025804042816162,4.1036696434021
67,0.10924100875854492,0.4000585079193115,0.5092995166778564,3.924818754196167
67,0.10262799263000488,0.3806126117706299,0.48324060440063477,3.8686702251434326
67,0.10158824920654297,0.39501309394836426,0.4966013431549072,3.906623363494873
67,0.12196183204650879,0.4138946533203125,0.5358564853668213,3.9176347255706787
67,0.11161923408508301,0.43177342414855957,0.5433926582336426,4.04202938079834
67,0.10378146171569824,0.38923025131225586,0.4930117130279541,4.069327116012573
67,0.11043715476989746,0.461498498916626,0.5719356536865234,4.009815454483032
67,0.11015486717224121,0.45257997512817383,0.562734842300415,4.061885118484497
67,0.13262581825256348,0.4842529296875,0.6168787479400635,4.0393242835998535
67,0.14731669425964355,0.48697900772094727,0.6342957019805908,3.9689974784851074
67,0.11272883415222168,0.4110727310180664,0.5238015651702881,3.7794525623321533
67,0.10074853897094727,0.40874266624450684,0.5094912052154541,3.9666268825531006
67,0.1023719310760498,0.4032433032989502,0.505615234375,3.932082176208496
67,0.1349799633026123,0.4168567657470703,0.5518367290496826,3.9657459259033203
67,0.1144402027130127,0.3854336738586426,0.4998738765716553,3.7634172439575195
67,0.10568571090698242,0.46855926513671875,0.5742449760437012,3.8541762828826904
67,0.13649439811706543,0.45786356925964355,0.594357967376709,4.099628210067749
67,0.13646197319030762,0.3757796287536621,0.5122416019439697,3.795955181121826
67,0.1002814769744873,0.37946462631225586,0.47974610328674316,3.65476655960083
67,0.11128473281860352,0.4015078544616699,0.5127925872802734,3.8400027751922607
67,0.12830018997192383,0.43994712829589844,0.5682473182678223,3.988492727279663
67,0.1289231777191162,0.45676112174987793,0.5856842994689941,3.977400779724121
67,0.11897611618041992,0.46007299423217773,0.5790491104125977,3.963761568069458
67,0.10196113586425781,0.4169464111328125,0.5189075469970703,4.017988204956055
67,0.11448073387145996,0.41562938690185547,0.5301101207733154,3.9793241024017334
67,0.11127853393554688,0.407257080078125,0.5185356140136719,3.8809709548950195
67,0.11107897758483887,0.4292781352996826,0.5403571128845215,4.0280921459198
67,0.10463881492614746,0.402294397354126,0.5069332122802734,3.921030282974243
67,0.12464356422424316,0.40273237228393555,0.5273759365081787,3.7998695373535156
67,0.10160946846008301,0.3791322708129883,0.4807417392730713,3.779947519302368
67,0.10673308372497559,0.38581109046936035,0.49254417419433594,4.0112690925598145
67,0.14530563354492188,0.41608619689941406,0.5613918304443359,3.9084105491638184
67,0.1008446216583252,0.40453243255615234,0.5053770542144775,3.7059059143066406
67,0.10695838928222656,0.39880824089050293,0.5057666301727295,3.849087953567505
67,0.1005547046661377,0.38331127166748047,0.48386597633361816,4.002148866653442
67,0.13091754913330078,0.44467735290527344,0.5755949020385742,4.003056049346924
67,0.12369632720947266,0.41265392303466797,0.5363502502441406,4.001034498214722
67,0.09888505935668945,0.38969993591308594,0.4885849952697754,3.934577226638794
67,0.10100221633911133,0.3940408229827881,0.4950430393218994,3.8760857582092285
67,0.10438656806945801,0.3994174003601074,0.5038039684295654,3.7125251293182373
67,0.1221761703491211,0.41954541206359863,0.5417215824127197,3.944457530975342
67,0.13324761390686035,0.39890575408935547,0.5321533679962158,3.882617712020874
67,0.10253572463989258,0.3997161388397217,0.5022518634796143,3.783608913421631
67,0.10135650634765625,0.43578410148620605,0.5371406078338623,3.872816801071167
67,0.11552238464355469,0.40567946434020996,0.5212018489837646,3.7916758060455322
67,0.10900664329528809,0.4446225166320801,0.5536291599273682,3.946396827697754
67,0.10057759284973145,0.37869906425476074,0.4792766571044922,3.836174726486206
67,0.11074972152709961,0.4615037441253662,0.5722534656524658,3.9364140033721924
67,0.1106574535369873,0.4518125057220459,0.5624699592590332,3.9703025817871094
67,0.13236212730407715,0.4519386291503906,0.5843007564544678,4.059751510620117
67,0.11033773422241211,0.40154552459716797,0.5118832588195801,3.9892799854278564
67,0.11220169067382812,0.39217400550842285,0.504375696182251,3.927924633026123
67,0.10111713409423828,0.40169692039489746,0.5028140544891357,3.968557357788086
67,0.10144329071044922,0.36705446243286133,0.46849775314331055,3.8426260948181152
67,0.10790014266967773,0.4086911678314209,0.5165913105010986,3.906747817993164
67,0.12391471862792969,0.5119280815124512,0.6358428001403809,4.003088712692261
67,0.09796905517578125,0.3920469284057617,0.49001598358154297,3.907240390777588
67,0.10166525840759277,0.45282649993896484,0.5544917583465576,4.026598930358887
67,0.12868022918701172,0.43384504318237305,0.5625252723693848,3.940734386444092
67,0.10310649871826172,0.3861069679260254,0.4892134666442871,4.008139371871948
67,0.11713099479675293,0.4342985153198242,0.5514295101165771,3.8284177780151367
67,0.12826061248779297,0.4406301975250244,0.5688908100128174,3.9719221591949463
67,0.12940001487731934,0.4618237018585205,0.5912237167358398,4.001988887786865
67,0.10398006439208984,0.40119481086730957,0.5051748752593994,3.7121968269348145
67,0.10338497161865234,0.37642908096313477,0.4798140525817871,3.8699302673339844
67,0.09815144538879395,0.3821570873260498,0.48030853271484375,3.969162940979004
67,0.11221027374267578,0.44069671630859375,0.5529069900512695,3.8125033378601074
67,0.15039277076721191,0.47896718978881836,0.6293599605560303,4.082231044769287
67,0.10360836982727051,0.4154963493347168,0.5191047191619873,3.8764452934265137
67,0.1009209156036377,0.37917470932006836,0.48009562492370605,3.8457798957824707
67,0.10422825813293457,0.3668806552886963,0.47110891342163086,3.867609977722168
67,0.10899758338928223,0.3873937129974365,0.49639129638671875,3.841137170791626
67,0.10706543922424316,0.4206516742706299,0.527717113494873,3.9326677322387695
67,0.1387007236480713,0.4297926425933838,0.5684933662414551,3.9738962650299072
67,0.13013386726379395,0.4044051170349121,0.534538984298706,3.9490807056427
67,0.12590742111206055,0.40799713134765625,0.5339045524597168,3.986227035522461
67,0.15232038497924805,0.45064759254455566,0.6029679775238037,4.065264463424683
67,0.10024881362915039,0.4484114646911621,0.5486602783203125,3.979997158050537
67,0.11346197128295898,0.4262387752532959,0.5397007465362549,3.8415894508361816
67,0.10085678100585938,0.3611490726470947,0.4620058536529541,3.87860107421875
67,0.0989992618560791,0.47579026222229004,0.5747895240783691,4.0642249584198
67,0.1187131404876709,0.3991367816925049,0.5178499221801758,3.9925196170806885
67,0.12167668342590332,0.43218255043029785,0.5538592338562012,4.020420789718628
67,0.1121222972869873,0.4152669906616211,0.5273892879486084,3.868617057800293
67,0.10197329521179199,0.38204264640808105,0.48401594161987305,3.8715109825134277
67,0.1663222312927246,0.38608694076538086,0.5524091720581055,4.020032167434692
67,0.12462902069091797,0.40196919441223145,0.5265982151031494,3.9868528842926025
67,0.10494613647460938,0.4388718605041504,0.5438179969787598,3.963275909423828
67,0.1200108528137207,0.4347264766693115,0.5547373294830322,4.047660827636719
67,0.10165047645568848,0.4607112407684326,0.5623617172241211,3.8581931591033936
67,0.1020956039428711,0.3854813575744629,0.487576961517334,3.7538397312164307
67,0.12106943130493164,0.44245219230651855,0.5635216236114502,4.0449464321136475
67,0.12639713287353516,0.42034482955932617,0.5467419624328613,4.009588003158569
67,0.10691213607788086,0.40572047233581543,0.5126326084136963,3.9298319816589355
67,0.10089349746704102,0.4004223346710205,0.5013158321380615,3.7910614013671875
67,0.09772467613220215,0.40099406242370605,0.4987187385559082,3.8506011962890625
67,0.12371039390563965,0.37908101081848145,0.5027914047241211,3.9145898818969727
67,0.0973048210144043,0.41088199615478516,0.5081868171691895,3.903738021850586
67,0.13039565086364746,0.431809663772583,0.5622053146362305,3.998680830001831
67,0.10568928718566895,0.3800163269042969,0.4857056140899658,3.8624966144561768
67,0.10147833824157715,0.4083290100097656,0.5098073482513428,4.143155336380005
67,0.11058926582336426,0.3658156394958496,0.47640490531921387,3.952238082885742
67,0.1010897159576416,0.4302084445953369,0.5312981605529785,3.958681344985962
67,0.09798121452331543,0.3810434341430664,0.47902464866638184,3.7021358013153076
67,0.11960363388061523,0.46285414695739746,0.5824577808380127,4.042072772979736
67,0.1047220230102539,0.44442009925842285,0.5491421222686768,4.002939701080322
67,0.10239815711975098,0.3991842269897461,0.5015823841094971,3.8890790939331055
67,0.10960006713867188,0.4432661533355713,0.5528662204742432,3.8462486267089844
67,0.10643482208251953,0.433377742767334,0.5398125648498535,3.833383798599243
67,0.10218381881713867,0.4017512798309326,0.5039350986480713,3.8695411682128906
67,0.10000944137573242,0.4584481716156006,0.558457612991333,3.84657883644104
67,0.12745237350463867,0.4047887325286865,0.5322411060333252,3.795008659362793
67,0.11006712913513184,0.39814066886901855,0.5082077980041504,3.838386058807373
67,0.10540318489074707,0.4526362419128418,0.5580394268035889,4.033135890960693
67,0.09844708442687988,0.42285728454589844,0.5213043689727783,3.9336845874786377
67,0.10021471977233887,0.4183824062347412,0.5185971260070801,3.9269022941589355
67,0.11072754859924316,0.5041062831878662,0.6148338317871094,3.973484992980957
67,0.1043863296508789,0.38503050804138184,0.48941683769226074,3.841427803039551
67,0.09783339500427246,0.3919188976287842,0.48975229263305664,3.9543025493621826
67,0.0980844497680664,0.44890451431274414,0.5469889640808105,4.131887197494507
67,0.10020327568054199,0.37989187240600586,0.48009514808654785,3.825334072113037
67,0.10401320457458496,0.4073967933654785,0.5114099979400635,3.9991607666015625
67,0.12047219276428223,0.4212520122528076,0.5417242050170898,3.8365654945373535
67,0.11566758155822754,0.4149351119995117,0.5306026935577393,4.037145614624023
67,0.10194540023803711,0.4185631275177002,0.5205085277557373,3.8696279525756836
67,0.10756659507751465,0.43946409225463867,0.5470306873321533,3.9281394481658936
67,0.10093522071838379,0.40164899826049805,0.5025842189788818,3.919865846633911
67,0.11251997947692871,0.43996739387512207,0.5524873733520508,3.9025371074676514
67,0.10713624954223633,0.4531524181365967,0.560288667678833,3.9061310291290283
67,0.10416150093078613,0.41258811950683594,0.5167496204376221,3.895176649093628
67,0.10538482666015625,0.38981008529663086,0.4951949119567871,3.900390863418579
67,0.12475466728210449,0.4325542449951172,0.5573089122772217,3.9944798946380615
67,0.10148787498474121,0.43617892265319824,0.5376667976379395,3.9220993518829346
67,0.11190485954284668,0.43968963623046875,0.5515944957733154,4.147241830825806
67,0.09830284118652344,0.42929816246032715,0.5276010036468506,4.0557029247283936
67,0.10458183288574219,0.3852064609527588,0.489788293838501,3.9165563583374023
67,0.13300228118896484,0.38744521141052246,0.5204474925994873,4.016764879226685
67,0.14748477935791016,0.4150207042694092,0.5625054836273193,3.893752336502075
67,0.10943841934204102,0.40216565132141113,0.5116040706634521,3.906391143798828
67,0.12829303741455078,0.4404590129852295,0.5687520503997803,3.9361116886138916
67,0.12811660766601562,0.4194180965423584,0.547534704208374,3.727551221847534
67,0.11179590225219727,0.3895900249481201,0.5013859272003174,3.8336565494537354
67,0.11764979362487793,0.4279603958129883,0.5456101894378662,3.798717737197876
67,0.12310194969177246,0.3967266082763672,0.5198285579681396,3.8303518295288086
67,0.10099148750305176,0.4113626480102539,0.5123541355133057,3.900433301925659
67,0.12224316596984863,0.3793807029724121,0.5016238689422607,3.937614679336548
67,0.10115671157836914,0.4134714603424072,0.5146281719207764,4.003782749176025
67,0.10254502296447754,0.38620638847351074,0.4887514114379883,3.962702512741089
67,0.09870266914367676,0.3967170715332031,0.4954197406768799,3.875354766845703
67,0.10321545600891113,0.40305304527282715,0.5062685012817383,3.908320665359497
67,0.10968971252441406,0.4362528324127197,0.5459425449371338,4.074284553527832
67,0.128692626953125,0.39072179794311523,0.5194144248962402,4.050277233123779
67,0.10266613960266113,0.37160539627075195,0.4742715358734131,3.954968214035034
67,0.10035419464111328,0.39533376693725586,0.49568796157836914,3.9515764713287354
67,0.1028594970703125,0.42717742919921875,0.5300369262695312,3.8810853958129883
67,0.10185098648071289,0.43872761726379395,0.5405786037445068,3.9664506912231445
67,0.10417437553405762,0.4510619640350342,0.5552363395690918,3.9285268783569336
67,0.10053467750549316,0.4158298969268799,0.516364574432373,3.8663127422332764
67,0.10974907875061035,0.4002113342285156,0.509960412979126,3.929892063140869
67,0.11246180534362793,0.40114617347717285,0.5136079788208008,3.7633180618286133
67,0.12041163444519043,0.43224143981933594,0.5526530742645264,3.922973394393921
67,0.10182929039001465,0.40100574493408203,0.5028350353240967,3.900993824005127
67,0.12410402297973633,0.39614248275756836,0.5202465057373047,3.9228641986846924
67,0.10515642166137695,0.40358495712280273,0.5087413787841797,3.8613622188568115
67,0.12808847427368164,0.5062968730926514,0.634385347366333,3.9016780853271484
67,0.12165713310241699,0.3946352005004883,0.5162923336029053,3.821600914001465
67,0.10141229629516602,0.38643312454223633,0.48784542083740234,3.771855115890503
67,0.10964608192443848,0.38523030281066895,0.4948763847351074,3.853724956512451
67,0.11612272262573242,0.4052300453186035,0.5213527679443359,3.8935866355895996
67,0.0986628532409668,0.4181678295135498,0.5168306827545166,3.920316457748413
67,0.10426664352416992,0.41360902786254883,0.5178756713867188,3.890711784362793
67,0.1022493839263916,0.4163072109222412,0.5185565948486328,3.9498090744018555
67,0.09751605987548828,0.47121477127075195,0.5687308311462402,3.913266897201538
67,0.1123192310333252,0.402987003326416,0.5153062343597412,4.034591913223267
67,0.1052405834197998,0.44060492515563965,0.5458455085754395,3.9199278354644775
67,0.1145009994506836,0.3796968460083008,0.4941978454589844,4.259486675262451
67,0.11754775047302246,0.3795485496520996,0.49709630012512207,3.9445784091949463
67,0.11103343963623047,0.40233540534973145,0.5133688449859619,3.9459335803985596
67,0.15697860717773438,0.40058302879333496,0.5575616359710693,4.0577781200408936
67,0.12511444091796875,0.43395423889160156,0.5590686798095703,3.9705469608306885
67,0.10475826263427734,0.3879506587982178,0.4927089214324951,3.707213878631592
67,0.12505650520324707,0.41858720779418945,0.5436437129974365,3.945970058441162
67,0.10055208206176758,0.39279723167419434,0.4933493137359619,3.8636794090270996
67,0.1192326545715332,0.38835692405700684,0.50758957862854,3.905897855758667
67,0.09911346435546875,0.39984869956970215,0.4989621639251709,3.8138973712921143
67,0.09820222854614258,0.36078333854675293,0.4589855670928955,3.7832274436950684
67,0.10105752944946289,0.41828107833862305,0.5193386077880859,3.740952491760254
67,0.10506653785705566,0.4054117202758789,0.5104782581329346,3.954535484313965
67,0.0980825424194336,0.41912388801574707,0.5172064304351807,3.905132532119751
67,0.10157537460327148,0.44264912605285645,0.5442245006561279,3.857606887817383
67,0.12354087829589844,0.414339542388916,0.5378804206848145,3.9267399311065674
67,0.11180353164672852,0.4113755226135254,0.5231790542602539,3.916372060775757
67,0.12357878684997559,0.411299467086792,0.5348782539367676,3.952064037322998
67,0.15103387832641602,0.4210469722747803,0.5720808506011963,4.045074939727783
67,0.10354137420654297,0.391357421875,0.49489879608154297,3.7797341346740723
67,0.13626527786254883,0.4697599411010742,0.606025218963623,3.9733805656433105
67,0.09881711006164551,0.43289875984191895,0.5317158699035645,3.9015555381774902
67,0.11131167411804199,0.3894162178039551,0.5007278919219971,3.7772295475006104
67,0.09752249717712402,0.4221615791320801,0.5196840763092041,3.8845670223236084
67,0.10088706016540527,0.40884995460510254,0.5097370147705078,3.956439733505249
67,0.10266828536987305,0.4126012325286865,0.5152695178985596,3.835510730743408
67,0.10275936126708984,0.4731931686401367,0.5759525299072266,4.01851224899292
67,0.10364723205566406,0.4057612419128418,0.5094084739685059,3.9719624519348145
67,0.12766623497009277,0.4680745601654053,0.595740795135498,4.094970703125
67,0.1266939640045166,0.4317660331726074,0.558459997177124,3.905996561050415
67,0.10326170921325684,0.3832981586456299,0.4865598678588867,3.8370578289031982
67,0.14023971557617188,0.38214731216430664,0.5223870277404785,4.149742841720581
67,0.10315752029418945,0.4006986618041992,0.5038561820983887,3.8908209800720215
67,0.11901974678039551,0.42986226081848145,0.548882007598877,3.9900612831115723
67,0.10951972007751465,0.38755106925964355,0.4970707893371582,3.9496636390686035
67,0.1469130516052246,0.4155738353729248,0.5624868869781494,4.0193023681640625
67,0.1385955810546875,0.4105691909790039,0.5491647720336914,4.031954288482666
67,0.11852192878723145,0.4387245178222656,0.5572464466094971,3.9087860584259033
67,0.1077277660369873,0.42989635467529297,0.5376241207122803,3.936725616455078
67,0.11146831512451172,0.39586448669433594,0.5073328018188477,4.042851448059082
67,0.09989547729492188,0.45444250106811523,0.5543379783630371,4.021080255508423
67,0.1333911418914795,0.42925000190734863,0.5626411437988281,3.944429636001587
67,0.11194276809692383,0.40194058418273926,0.5138833522796631,3.8419947624206543
67,0.12227225303649902,0.4301304817199707,0.5524027347564697,3.9757204055786133
67,0.11823415756225586,0.39478564262390137,0.5130198001861572,4.148165464401245
67,0.0987389087677002,0.40912938117980957,0.5078682899475098,3.894578218460083
67,0.1423952579498291,0.40212011337280273,0.5445153713226318,3.8575594425201416
67,0.132432222366333,0.3976023197174072,0.5300345420837402,3.849426746368408
67,0.10483431816101074,0.3785078525543213,0.48334217071533203,4.042947292327881
67,0.10457396507263184,0.38677048683166504,0.4913444519042969,3.8929388523101807
67,0.11577081680297852,0.41521310806274414,0.5309839248657227,3.8664398193359375
67,0.0977785587310791,0.44377994537353516,0.5415585041046143,3.917616605758667
67,0.12324762344360352,0.4138321876525879,0.5370798110961914,4.0967419147491455
67,0.10073447227478027,0.42429685592651367,0.525031328201294,3.880762815475464
67,0.10128307342529297,0.3922538757324219,0.49353694915771484,4.248295068740845
67,0.10290932655334473,0.43750596046447754,0.5404152870178223,3.919630765914917
67,0.1003568172454834,0.36708521842956543,0.46744203567504883,4.033574342727661
67,0.09893298149108887,0.411069393157959,0.5100023746490479,3.826564073562622
67,0.1264176368713379,0.39005541801452637,0.5164730548858643,3.8918187618255615
67,0.11396026611328125,0.40237975120544434,0.5163400173187256,3.913811206817627
67,0.10247588157653809,0.36629462242126465,0.46877050399780273,3.7935574054718018
67,0.116943359375,0.40537357330322266,0.5223169326782227,3.8967766761779785
67,0.11142396926879883,0.3898906707763672,0.501314640045166,3.9991912841796875
67,0.10495805740356445,0.42276644706726074,0.5277245044708252,3.939746141433716
67,0.10414338111877441,0.41248464584350586,0.5166280269622803,4.007379770278931
67,0.1360483169555664,0.4234352111816406,0.559483528137207,3.968552350997925
67,0.13699698448181152,0.42957115173339844,0.56656813621521,3.9813449382781982
67,0.1004023551940918,0.4053232669830322,0.505725622177124,3.795152187347412
67,0.11102747917175293,0.42698216438293457,0.5380096435546875,3.866100788116455
67,0.1012117862701416,0.4011821746826172,0.5023939609527588,3.893676280975342
67,0.12029671669006348,0.45889997482299805,0.5791966915130615,4.021349191665649
67,0.1572740077972412,0.4091932773590088,0.56646728515625,3.9791860580444336
67,0.10064411163330078,0.39859628677368164,0.4992403984069824,3.76713490486145
